ep_name,ep_max_rise_slack,ep_max_fall_slack,ep_max_rise_arrival,ep_max_fall_arrival,sp_name,launch_clock_latency,clock_latency_mean,clock_latency_std,path_required,path_arrival,path_slack,path_num_points,path_crpr,ep_ck_name,rise_fall
rd1_R_o_reg[10]/D,-123.909515,-123.258255,364.397430,374.525543,stage1_iter_reg[1]/CLK,55.164902,55.164902,0.000000,240.487915,364.397461,-123.909515,37,0.000000,rd1_R_o_reg[10]/CLK,rise
rd1_R_o_reg[0]/D,-123.819839,-123.596893,364.343811,374.826294,stage1_iter_reg[1]/CLK,55.164902,55.164902,0.000000,240.523972,364.343811,-123.819839,37,0.000000,rd1_R_o_reg[0]/CLK,rise
rd1_R_o_reg[20]/D,-121.122192,-113.507996,364.497864,367.701874,stage1_iter_reg[1]/CLK,55.164902,55.164902,0.000000,243.375671,364.497864,-121.122192,39,0.000000,rd1_R_o_reg[20]/CLK,rise
rd1_R_o_reg[27]/D,-120.986725,-117.092636,362.004059,368.657776,stage1_iter_reg[1]/CLK,55.164902,55.164902,0.000000,241.017334,362.004089,-120.986725,33,0.000000,rd1_R_o_reg[27]/CLK,rise
rd1_R_o_reg[12]/D,-120.599731,-115.375626,362.141632,366.986023,stage1_iter_reg[1]/CLK,55.164902,55.164902,0.000000,241.541901,362.141602,-120.599731,39,0.000000,rd1_R_o_reg[12]/CLK,rise
rd1_R_o_reg[17]/D,-119.796814,-116.215820,362.649628,369.266541,stage1_iter_reg[1]/CLK,55.164902,55.164902,0.000000,242.852814,362.649597,-119.796814,37,0.000000,rd1_R_o_reg[17]/CLK,rise
rd1_R_o_reg[28]/D,-119.014862,-110.812424,361.329987,364.030029,stage1_iter_reg[1]/CLK,55.164902,55.164902,0.000000,242.315125,361.329895,-119.014862,39,0.000000,rd1_R_o_reg[28]/CLK,rise
rd1_R_o_reg[3]/D,-117.351471,-117.602295,362.128174,372.214691,stage1_iter_reg[1]/CLK,55.164902,55.164902,0.000000,244.776703,362.128113,-117.351471,39,0.000000,rd1_R_o_reg[3]/CLK,rise
rd1_R_o_reg[13]/D,-116.853073,-116.077194,360.455963,370.158417,stage1_iter_reg[1]/CLK,55.164902,55.164902,0.000000,243.60289,360.455994,-116.853073,37,0.000000,rd1_R_o_reg[13]/CLK,rise
rd1_R_o_reg[5]/D,-116.002625,-113.252716,359.986206,366.945587,stage1_iter_reg[1]/CLK,55.164902,55.164902,0.000000,243.983582,359.986206,-116.002625,33,0.000000,rd1_R_o_reg[5]/CLK,rise
rd1_R_o_reg[6]/D,-113.599457,-109.559631,360.842712,367.233856,stage1_iter_reg[1]/CLK,55.164902,55.164902,0.000000,247.243256,360.842712,-113.599457,37,0.000000,rd1_R_o_reg[6]/CLK,rise
rd1_R_o_reg[11]/D,-113.549820,-106.623138,361.335602,364.848694,stage1_iter_reg[1]/CLK,55.164902,55.164902,0.000000,247.785782,361.335571,-113.549820,35,0.000000,rd1_R_o_reg[11]/CLK,rise
rd1_R_o_reg[29]/D,-113.459442,-110.853577,362.345459,370.203339,stage1_iter_reg[1]/CLK,55.164902,55.164902,0.000000,248.886017,362.345398,-113.459442,39,0.000000,rd1_R_o_reg[29]/CLK,rise
rd1_R_o_reg[31]/D,-113.271179,-109.042786,360.339813,366.844177,stage1_iter_reg[1]/CLK,55.164902,55.164902,0.000000,247.068634,360.339722,-113.271179,35,0.000000,rd1_R_o_reg[31]/CLK,rise
rd1_R_o_reg[7]/D,-112.853195,-103.470795,362.118286,363.238770,stage1_iter_reg[1]/CLK,55.164902,55.164902,0.000000,249.265091,362.118164,-112.853195,35,0.000000,rd1_R_o_reg[7]/CLK,rise
rd1_R_o_reg[21]/D,-112.559982,-109.138885,360.644440,367.324554,stage1_iter_reg[1]/CLK,55.164902,55.164902,0.000000,248.084457,360.644409,-112.559982,33,0.000000,rd1_R_o_reg[21]/CLK,rise
rd1_R_o_reg[18]/D,-103.434723,-94.663086,364.512726,368.025421,stage1_iter_reg[1]/CLK,55.164902,55.164902,0.000000,261.077972,364.512695,-103.434723,37,0.000244,rd1_R_o_reg[18]/CLK,rise
rd1_R_o_reg[26]/D,-99.477905,-90.962891,362.107086,365.749634,stage1_iter_reg[1]/CLK,55.164902,55.164902,0.000000,262.629181,362.107056,-99.477905,35,0.000244,rd1_R_o_reg[26]/CLK,rise
rd1_R_o_reg[1]/D,-99.253479,-99.255005,361.934265,373.415314,stage1_iter_reg[1]/CLK,55.164902,55.164902,0.000000,262.680786,361.934204,-99.253479,35,0.000244,rd1_R_o_reg[1]/CLK,rise
rd1_R_o_reg[24]/D,-98.596283,-96.326843,362.401642,371.555817,stage1_iter_reg[1]/CLK,55.164902,55.164902,0.000000,263.805359,362.401550,-98.596283,35,0.000244,rd1_R_o_reg[24]/CLK,rise
rd1_R_o_reg[15]/D,-98.442810,-91.494537,361.064636,366.125671,stage1_iter_reg[1]/CLK,55.164902,55.164902,0.000000,262.621826,361.064636,-98.442810,39,0.000244,rd1_R_o_reg[15]/CLK,rise
rd1_R_o_reg[25]/D,-93.320007,-86.109406,363.767487,367.729309,stage1_iter_reg[1]/CLK,55.164902,55.164902,0.000000,270.447479,363.767456,-93.320007,35,0.000244,rd1_R_o_reg[25]/CLK,rise
rd1_R_o_reg[23]/D,-92.723328,-81.368164,363.184174,363.490845,stage1_iter_reg[1]/CLK,55.164902,55.164902,0.000000,270.460846,363.184204,-92.723328,35,0.000244,rd1_R_o_reg[23]/CLK,rise
rd1_R_o_reg[9]/D,-92.227570,-90.455292,360.983643,370.396606,stage1_iter_reg[1]/CLK,55.164902,55.164902,0.000000,268.756073,360.983582,-92.227570,35,0.000244,rd1_R_o_reg[9]/CLK,rise
rd1_R_o_reg[16]/D,-89.776245,-88.532532,360.243591,370.758301,stage1_iter_reg[1]/CLK,55.164902,55.164902,0.000000,270.467346,360.243591,-89.776245,37,0.000244,rd1_R_o_reg[16]/CLK,rise
rd1_R_o_reg[8]/D,-84.880127,-82.741699,359.505341,369.120972,stage1_iter_reg[1]/CLK,55.164902,55.164902,0.000000,274.625214,359.505310,-84.880127,35,0.000244,rd1_R_o_reg[8]/CLK,rise
rd1_R_o_reg[2]/D,-81.560852,-75.454437,357.660034,363.878632,stage1_iter_reg[1]/CLK,55.164902,55.164902,0.000000,276.099182,357.660034,-81.560852,37,0.000244,rd1_R_o_reg[2]/CLK,rise
rd1_R_o_reg[30]/D,-79.326843,-70.303101,363.799988,367.093750,stage1_iter_reg[1]/CLK,55.164902,55.164902,0.000000,284.473145,363.799866,-79.326843,37,0.000244,rd1_R_o_reg[30]/CLK,rise
rd1_R_o_reg[22]/D,-77.670929,-71.886414,361.639404,367.820831,stage1_iter_reg[1]/CLK,55.164902,55.164902,0.000000,283.968475,361.639343,-77.670929,37,0.000244,rd1_R_o_reg[22]/CLK,rise
rd1_R_o_reg[14]/D,-75.564758,-70.943298,359.778961,367.232819,stage1_iter_reg[1]/CLK,55.164902,55.164902,0.000000,284.214203,359.778931,-75.564758,33,0.000244,rd1_R_o_reg[14]/CLK,rise
rd1_R_o_reg[4]/D,-74.254486,-65.720245,359.170624,362.305695,stage1_iter_reg[1]/CLK,55.164902,55.164902,0.000000,284.916138,359.170593,-74.254486,35,0.000244,rd1_R_o_reg[4]/CLK,rise
rd1_R_o_reg[19]/D,-73.649292,-73.378204,358.551971,369.980286,stage1_iter_reg[1]/CLK,55.164902,55.164902,0.000000,284.902679,358.551880,-73.649292,37,0.000244,rd1_R_o_reg[19]/CLK,rise
rd1_Key_o_reg[1]/D,-47.198685,-22.387970,291.340240,278.107727,stage1_iter_reg[1]/CLK,55.164902,55.164902,0.000000,244.141556,291.340302,-47.198685,25,0.000000,rd1_Key_o_reg[1]/CLK,rise
stage1_iter_reg[2]/D,-46.608795,-42.847626,214.439941,222.197601,stage1_iter_reg[1]/CLK,55.164902,55.164902,0.000000,167.831146,214.439926,-46.608795,13,0.000000,stage1_iter_reg[2]/CLK,rise
rd1_Key_o_reg[24]/D,-34.307831,-14.668640,286.865784,281.250885,stage1_iter_reg[1]/CLK,55.164902,55.164902,0.000000,252.557953,286.865784,-34.307831,25,0.000000,rd1_Key_o_reg[24]/CLK,rise
rd1_Key_o_reg[12]/D,-34.248672,-14.470673,278.341034,270.347473,stage1_iter_reg[1]/CLK,55.164902,55.164902,0.000000,244.092361,278.341034,-34.248672,23,0.000000,rd1_Key_o_reg[12]/CLK,rise
rd1_Key_o_reg[26]/D,-31.443909,-15.678558,278.819916,275.755615,stage1_iter_reg[1]/CLK,55.164902,55.164902,0.000000,247.376007,278.819916,-31.443909,25,0.000000,rd1_Key_o_reg[26]/CLK,rise
rd1_Key_o_reg[47]/D,-30.493332,-8.538361,276.035034,265.558868,stage1_iter_reg[1]/CLK,55.164902,55.164902,0.000000,245.541702,276.035034,-30.493332,23,0.000000,rd1_Key_o_reg[47]/CLK,rise
rd1_Key_o_reg[15]/D,-29.932678,-16.626251,273.313049,272.163086,stage1_iter_reg[1]/CLK,55.164902,55.164902,0.000000,243.380371,273.313019,-29.932678,23,0.000000,rd1_Key_o_reg[15]/CLK,rise
rd1_Key_o_reg[19]/D,-28.290649,-10.919464,271.744843,265.279175,stage1_iter_reg[1]/CLK,55.164902,55.164902,0.000000,243.454193,271.744843,-28.290649,23,0.000000,rd1_Key_o_reg[19]/CLK,rise
rd1_Key_o_reg[18]/D,-28.285782,-17.863419,268.067047,268.964203,stage1_iter_reg[1]/CLK,55.164902,55.164902,0.000000,239.781265,268.067017,-28.285782,21,0.000000,rd1_Key_o_reg[18]/CLK,rise
rd1_Key_o_reg[2]/D,-28.262024,-16.249863,269.640717,268.254517,stage1_iter_reg[1]/CLK,55.164902,55.164902,0.000000,241.378693,269.640686,-28.262024,21,0.000000,rd1_Key_o_reg[2]/CLK,rise
rd1_Key_o_reg[8]/D,-25.267471,-5.827713,268.487518,258.396729,stage1_iter_reg[1]/CLK,55.164902,55.164902,0.000000,243.220047,268.487488,-25.267471,23,0.000000,rd1_Key_o_reg[8]/CLK,rise
rd1_Key_o_reg[16]/D,-24.462936,-12.755676,266.224792,267.460419,stage1_iter_reg[1]/CLK,55.164902,55.164902,0.000000,241.761856,266.224731,-24.462936,23,0.000000,rd1_Key_o_reg[16]/CLK,rise
rd1_Key_o_reg[13]/D,-22.977814,-7.011002,267.399292,262.346710,stage1_iter_reg[1]/CLK,55.164902,55.164902,0.000000,244.421478,267.399292,-22.977814,21,0.000000,rd1_Key_o_reg[13]/CLK,rise
rd1_Key_o_reg[27]/D,-22.865524,-20.538391,265.557159,274.444672,stage1_iter_reg[1]/CLK,55.164902,55.164902,0.000000,242.691635,265.557129,-22.865524,23,0.000000,rd1_Key_o_reg[27]/CLK,rise
rd1_Key_o_reg[36]/D,-20.317841,-11.217743,265.427094,267.753204,stage1_iter_reg[1]/CLK,55.164902,55.164902,0.000000,245.109253,265.427063,-20.317841,21,0.000000,rd1_Key_o_reg[36]/CLK,rise
rd1_Key_o_reg[10]/D,-20.062653,4.645309,266.369781,254.159927,stage1_iter_reg[1]/CLK,55.164902,55.164902,0.000000,246.307129,266.369751,-20.062653,21,0.000000,rd1_Key_o_reg[10]/CLK,rise
rd1_Key_o_reg[6]/D,-19.853210,-0.637344,262.013306,253.239349,stage1_iter_reg[1]/CLK,55.164902,55.164902,0.000000,242.160095,262.013245,-19.853210,23,0.000000,rd1_Key_o_reg[6]/CLK,rise
rd1_Key_o_reg[37]/D,-18.807922,6.983551,283.932892,273.103516,stage1_iter_reg[1]/CLK,55.164902,55.164902,0.000000,265.124969,283.932892,-18.807922,25,0.000244,rd1_Key_o_reg[37]/CLK,rise
rd1_Key_o_reg[14]/D,-17.506516,8.346329,261.796204,247.920944,stage1_iter_reg[1]/CLK,55.164902,55.164902,0.000000,244.289688,261.796204,-17.506516,21,0.000000,rd1_Key_o_reg[14]/CLK,rise
rd1_L_o_reg[10]/D,-17.289047,7.040878,256.977112,250.390030,stage1_iter_reg[3]/CLK,55.168362,55.168362,0.000000,239.688065,256.977112,-17.289047,17,0.000000,rd1_L_o_reg[10]/CLK,rise
rd1_Key_o_reg[23]/D,-16.985916,4.315323,256.359375,247.160385,stage1_iter_reg[1]/CLK,55.164902,55.164902,0.000000,239.373459,256.359375,-16.985916,21,0.000000,rd1_Key_o_reg[23]/CLK,rise
rd1_Key_o_reg[17]/D,-16.759918,1.524796,258.981079,251.264755,stage1_iter_reg[1]/CLK,55.164902,55.164902,0.000000,242.221161,258.981049,-16.759918,21,0.000000,rd1_Key_o_reg[17]/CLK,rise
rd1_Key_o_reg[20]/D,-16.573395,2.660370,259.634583,252.349930,stage1_iter_reg[1]/CLK,55.164902,55.164902,0.000000,243.061188,259.634552,-16.573395,21,0.000000,rd1_Key_o_reg[20]/CLK,rise
rd1_Key_o_reg[21]/D,-15.504623,-6.728851,261.374023,263.590363,stage1_iter_reg[1]/CLK,55.164902,55.164902,0.000000,245.8694,261.374084,-15.504623,21,0.000000,rd1_Key_o_reg[21]/CLK,rise
rd1_Key_o_reg[11]/D,-14.843094,-3.347046,259.498047,259.156921,stage1_iter_reg[1]/CLK,55.164902,55.164902,0.000000,244.654953,259.498016,-14.843094,21,0.000000,rd1_Key_o_reg[11]/CLK,rise
rd1_Key_o_reg[40]/D,-13.650665,-2.773834,259.276306,259.726166,stage1_iter_reg[1]/CLK,55.164902,55.164902,0.000000,245.625641,259.276306,-13.650665,21,0.000000,rd1_Key_o_reg[40]/CLK,rise
rd1_Key_o_reg[42]/D,-13.616043,3.696274,258.643921,252.769516,stage1_iter_reg[1]/CLK,55.164902,55.164902,0.000000,245.027878,258.643921,-13.616043,21,0.000000,rd1_Key_o_reg[42]/CLK,rise
rd1_Key_o_reg[3]/D,-13.440155,5.038818,267.664795,263.966736,stage1_iter_reg[1]/CLK,55.164902,55.164902,0.000000,254.22464,267.664795,-13.440155,23,0.000000,rd1_Key_o_reg[3]/CLK,rise
rd1_Key_o_reg[43]/D,-13.311646,-1.497833,259.064850,258.671204,stage1_iter_reg[1]/CLK,55.164902,55.164902,0.000000,245.753204,259.064819,-13.311646,23,0.000000,rd1_Key_o_reg[43]/CLK,rise
rd1_Key_o_reg[22]/D,-12.359344,5.596985,257.598877,251.352478,stage1_iter_reg[1]/CLK,55.164902,55.164902,0.000000,245.239532,257.598907,-12.359344,21,0.000000,rd1_Key_o_reg[22]/CLK,rise
rd1_Key_o_reg[38]/D,-11.398102,16.131897,275.898590,263.722443,stage1_iter_reg[1]/CLK,55.164902,55.164902,0.000000,264.500488,275.898590,-11.398102,21,0.000244,rd1_Key_o_reg[38]/CLK,rise
rd1_L_o_reg[20]/D,-11.090088,6.068680,251.417969,251.041489,stage1_iter_reg[1]/CLK,55.164902,55.164902,0.000000,240.327881,251.417984,-11.090088,21,0.000000,rd1_L_o_reg[20]/CLK,rise
rd1_Key_o_reg[48]/D,-9.661011,7.083893,279.515442,278.227509,stage1_iter_reg[1]/CLK,55.164902,55.164902,0.000000,269.854431,279.515411,-9.661011,23,0.000244,rd1_Key_o_reg[48]/CLK,rise
rd1_Key_o_reg[7]/D,-8.710815,10.528610,257.888824,252.239883,stage1_iter_reg[1]/CLK,55.164902,55.164902,0.000000,249.178009,257.888855,-8.710815,19,0.000000,rd1_Key_o_reg[7]/CLK,rise
rd1_Key_o_reg[4]/D,-8.651825,6.523712,267.381683,267.250183,stage1_iter_reg[1]/CLK,55.164902,55.164902,0.000000,258.729858,267.381714,-8.651825,23,0.000000,rd1_Key_o_reg[4]/CLK,rise
rd1_Key_o_reg[5]/D,-8.101013,3.857498,251.613251,250.414429,stage1_iter_reg[1]/CLK,55.164902,55.164902,0.000000,243.512238,251.613235,-8.101013,21,0.000000,rd1_Key_o_reg[5]/CLK,rise
rd1_Key_o_reg[28]/D,-2.344177,18.770538,273.237762,267.719727,stage1_iter_reg[1]/CLK,55.164902,55.164902,0.000000,270.893585,273.237762,-2.344177,23,0.000244,rd1_Key_o_reg[28]/CLK,rise
rd1_Key_o_reg[39]/D,-1.203949,23.611176,266.081726,256.483398,stage1_iter_reg[1]/CLK,55.164902,55.164902,0.000000,264.877777,266.081696,-1.203949,21,0.000244,rd1_Key_o_reg[39]/CLK,rise
rd1_L_o_reg[3]/D,-1.077301,25.956467,260.588959,255.309830,stage1_iter_reg[3]/CLK,55.168362,55.168362,0.000000,259.511658,260.588928,-1.077301,19,0.000244,rd1_L_o_reg[3]/CLK,rise
rd1_L_o_reg[13]/D,0.787750,20.060013,234.824036,230.440857,stage1_iter_reg[3]/CLK,55.168362,55.168362,0.000000,235.611786,234.824051,0.787750,15,0.000000,rd1_L_o_reg[13]/CLK,rise
rd1_Key_o_reg[55]/D,0.804596,20.971436,265.486053,260.375336,stage1_iter_reg[1]/CLK,55.164902,55.164902,0.000000,266.290649,265.486053,0.804596,21,0.000244,rd1_Key_o_reg[55]/CLK,rise
rd1_Key_o_reg[34]/D,1.378052,16.324219,263.916473,263.829559,stage1_iter_reg[1]/CLK,55.164902,55.164902,0.000000,265.294525,263.916443,1.378052,21,0.000244,rd1_Key_o_reg[34]/CLK,rise
rd1_Key_o_reg[53]/D,2.042236,27.488770,271.393829,261.738770,stage1_iter_reg[1]/CLK,55.164902,55.164902,0.000000,273.436066,271.393829,2.042236,23,0.000244,rd1_Key_o_reg[53]/CLK,rise
rd1_Key_o_reg[32]/D,4.240631,18.581970,264.357513,265.316071,stage1_iter_reg[1]/CLK,55.164902,55.164902,0.000000,268.598145,264.357452,4.240631,21,0.000244,rd1_Key_o_reg[32]/CLK,rise
rd1_Key_o_reg[0]/D,5.788544,19.730194,238.464828,236.214752,stage1_iter_reg[1]/CLK,55.164902,55.164902,0.000000,244.253372,238.464813,5.788544,19,0.000000,rd1_Key_o_reg[0]/CLK,rise
rd1_Key_o_reg[50]/D,5.815094,34.743454,267.772949,255.115921,stage1_iter_reg[1]/CLK,55.164902,55.164902,0.000000,273.588013,267.772919,5.815094,21,0.000244,rd1_Key_o_reg[50]/CLK,rise
rd1_Key_o_reg[25]/D,6.140686,17.419373,257.601501,261.361847,stage1_iter_reg[1]/CLK,55.164902,55.164902,0.000000,263.742188,257.601532,6.140686,23,0.000244,rd1_Key_o_reg[25]/CLK,rise
rd1_Key_o_reg[54]/D,6.824982,19.518829,262.004761,264.469940,stage1_iter_reg[1]/CLK,55.164902,55.164902,0.000000,268.829742,262.004761,6.824982,21,0.000244,rd1_Key_o_reg[54]/CLK,rise
rd1_Key_o_reg[9]/D,6.839172,28.979980,276.802734,270.616394,stage1_iter_reg[1]/CLK,55.164902,55.164902,0.000000,283.641907,276.802734,6.839172,21,0.000244,rd1_Key_o_reg[9]/CLK,rise
rd1_L_o_reg[0]/D,7.245331,14.690125,229.521698,233.880692,stage1_iter_reg[1]/CLK,55.164902,55.164902,0.000000,236.767029,229.521713,7.245331,19,0.000000,rd1_L_o_reg[0]/CLK,rise
rd1_Key_o_reg[51]/D,7.851074,22.342957,265.614258,266.438019,stage1_iter_reg[1]/CLK,55.164902,55.164902,0.000000,273.465332,265.614258,7.851074,21,0.000244,rd1_Key_o_reg[51]/CLK,rise
rd1_Key_o_reg[31]/D,9.507599,26.714966,261.989685,260.768951,stage1_iter_reg[1]/CLK,55.164902,55.164902,0.000000,271.497284,261.989685,9.507599,21,0.000244,rd1_Key_o_reg[31]/CLK,rise
rd1_Key_o_reg[35]/D,9.953949,33.213318,274.371063,266.966461,stage1_iter_reg[1]/CLK,55.164902,55.164902,0.000000,284.325012,274.371063,9.953949,23,0.000244,rd1_Key_o_reg[35]/CLK,rise
rd1_L_o_reg[6]/D,11.187546,28.722046,229.074020,225.563919,stage1_iter_reg[3]/CLK,55.168362,55.168362,0.000000,240.261566,229.074036,11.187546,15,0.000000,rd1_L_o_reg[6]/CLK,rise
rd1_Key_o_reg[33]/D,11.803314,26.788391,262.024414,262.366425,stage1_iter_reg[1]/CLK,55.164902,55.164902,0.000000,273.827728,262.024384,11.803314,21,0.000244,rd1_Key_o_reg[33]/CLK,rise
rd1_Key_o_reg[41]/D,12.043915,46.274902,272.787323,255.307587,stage1_iter_reg[1]/CLK,55.164902,55.164902,0.000000,284.831238,272.787292,12.043915,21,0.000244,rd1_Key_o_reg[41]/CLK,rise
rd1_Key_o_reg[52]/D,13.399811,31.341431,259.414124,256.808167,stage1_iter_reg[1]/CLK,55.164902,55.164902,0.000000,272.813934,259.414093,13.399811,21,0.000244,rd1_Key_o_reg[52]/CLK,rise
rd1_L_o_reg[1]/D,16.013657,39.433090,225.141541,215.221115,stage1_iter_reg[3]/CLK,55.168362,55.168362,0.000000,241.155197,225.141571,16.013657,15,0.000000,rd1_L_o_reg[1]/CLK,rise
rd1_L_o_reg[31]/D,16.817154,41.577423,223.879013,212.656784,stage1_iter_reg[3]/CLK,55.168362,55.168362,0.000000,240.696167,223.879044,16.817154,15,0.000000,rd1_L_o_reg[31]/CLK,rise
rd1_Key_o_reg[45]/D,17.321716,39.975220,268.094208,262.018890,stage1_iter_reg[1]/CLK,55.164902,55.164902,0.000000,285.415924,268.094177,17.321716,23,0.000244,rd1_Key_o_reg[45]/CLK,rise
ready_o_reg/D,18.649170,22.930176,240.882843,258.356628,stage1_iter_reg[0]/CLK,54.749596,54.749596,0.000000,259.532013,240.882843,18.649170,19,0.000244,ready_o_reg/CLK,rise
rd1_Key_o_reg[49]/D,18.694427,45.896729,267.391907,263.656616,stage1_iter_reg[1]/CLK,55.164902,55.164902,0.000000,286.086334,267.391876,18.694427,25,0.000244,rd1_Key_o_reg[49]/CLK,rise
rd1_Key_o_reg[46]/D,20.928436,40.637054,264.934418,261.796021,stage1_iter_reg[1]/CLK,55.164902,55.164902,0.000000,285.862854,264.934418,20.928436,23,0.000244,rd1_Key_o_reg[46]/CLK,rise
rd1_L_o_reg[11]/D,21.510498,43.784088,228.207764,227.858215,stage1_iter_reg[3]/CLK,55.168362,55.168362,0.000000,249.718262,228.207794,21.510498,15,0.000000,rd1_L_o_reg[11]/CLK,rise
rd1_L_o_reg[5]/D,22.028366,38.462265,220.813858,223.323868,stage1_iter_reg[1]/CLK,55.164902,55.164902,0.000000,242.842224,220.813858,22.028366,15,0.000000,rd1_L_o_reg[5]/CLK,rise
rd1_Key_o_reg[29]/D,22.166809,45.927399,262.352020,254.913788,stage1_iter_reg[1]/CLK,55.164902,55.164902,0.000000,284.518829,262.352020,22.166809,21,0.000244,rd1_Key_o_reg[29]/CLK,rise
rd1_Key_o_reg[30]/D,23.453247,40.660431,260.118073,258.441589,stage1_iter_reg[1]/CLK,55.164902,55.164902,0.000000,283.57132,260.118103,23.453247,21,0.000244,rd1_Key_o_reg[30]/CLK,rise
rd1_L_o_reg[2]/D,24.321243,50.653824,213.292053,202.072662,stage1_iter_reg[3]/CLK,55.168362,55.168362,0.000000,237.613297,213.292084,24.321243,15,0.000000,rd1_L_o_reg[2]/CLK,rise
rd1_Key_o_reg[44]/D,25.054260,42.545074,260.187103,259.257935,stage1_iter_reg[1]/CLK,55.164902,55.164902,0.000000,285.241364,260.187134,25.054260,23,0.000244,rd1_Key_o_reg[44]/CLK,rise
rd1_L_o_reg[28]/D,25.315536,47.479202,236.456589,236.443893,stage1_iter_reg[3]/CLK,55.168362,55.168362,0.000000,261.772125,236.456619,25.315536,17,0.000244,rd1_L_o_reg[28]/CLK,rise
rd1_L_o_reg[14]/D,31.890930,63.720123,229.609436,219.856201,stage1_iter_reg[3]/CLK,55.168362,55.168362,0.000000,261.500366,229.609467,31.890930,13,0.000244,rd1_L_o_reg[14]/CLK,rise
rd1_L_o_reg[15]/D,34.408157,55.766525,231.228531,231.668137,stage1_iter_reg[1]/CLK,55.164902,55.164902,0.000000,265.636688,231.228546,34.408157,17,0.000244,rd1_L_o_reg[15]/CLK,rise
rd1_L_o_reg[16]/D,34.457458,63.494904,229.049255,221.765656,stage1_iter_reg[3]/CLK,55.168362,55.168362,0.000000,263.506714,229.049286,34.457458,13,0.000244,rd1_L_o_reg[16]/CLK,rise
rd1_L_o_reg[29]/D,35.095291,60.999222,224.359390,220.897903,stage1_iter_reg[3]/CLK,55.168362,55.168362,0.000000,259.454681,224.359406,35.095291,15,0.000244,rd1_L_o_reg[29]/CLK,rise
rd1_L_o_reg[7]/D,36.343475,58.336990,228.404266,227.733047,stage1_iter_reg[1]/CLK,55.164902,55.164902,0.000000,264.747742,228.404251,36.343475,17,0.000244,rd1_L_o_reg[7]/CLK,rise
rd1_L_o_reg[26]/D,38.198807,65.425674,221.750809,216.719254,stage1_iter_reg[3]/CLK,55.168362,55.168362,0.000000,259.949615,221.750824,38.198807,15,0.000244,rd1_L_o_reg[26]/CLK,rise
rd1_L_o_reg[25]/D,39.120026,71.801315,227.902191,217.708633,stage1_iter_reg[3]/CLK,55.168362,55.168362,0.000000,267.022217,227.902191,39.120026,13,0.000244,rd1_L_o_reg[25]/CLK,rise
rd1_L_o_reg[9]/D,39.746857,62.814133,244.031860,243.952469,stage1_iter_reg[3]/CLK,55.168362,55.168362,0.000000,283.778717,244.031876,39.746857,19,0.000244,rd1_L_o_reg[9]/CLK,rise
rd1_L_o_reg[18]/D,42.198502,73.295532,222.106674,213.071716,stage1_iter_reg[3]/CLK,55.168362,55.168362,0.000000,264.305145,222.106720,42.198502,15,0.000244,rd1_L_o_reg[18]/CLK,rise
rd1_L_o_reg[24]/D,42.236938,73.712189,227.616150,217.907959,stage1_iter_reg[3]/CLK,55.168362,55.168362,0.000000,269.853088,227.616150,42.236938,13,0.000244,rd1_L_o_reg[24]/CLK,rise
rd1_L_o_reg[17]/D,44.347244,79.414200,236.402725,222.339981,stage1_iter_reg[3]/CLK,55.168362,55.168362,0.000000,280.749969,236.402756,44.347244,15,0.000244,rd1_L_o_reg[17]/CLK,rise
data_ready_reg/D,47.260757,63.991806,236.108047,242.687759,stage1_iter_reg[0]/CLK,54.749596,54.749596,0.000000,283.368805,236.108063,47.260757,19,0.000244,data_ready_reg/CLK,rise
rd1_L_o_reg[23]/D,50.810577,72.524475,218.253967,218.882324,stage1_iter_reg[1]/CLK,55.164902,55.164902,0.000000,269.064545,218.253983,50.810577,15,0.000244,rd1_L_o_reg[23]/CLK,rise
rd1_L_o_reg[30]/D,52.910599,86.684097,228.218246,217.714340,stage1_iter_reg[3]/CLK,55.168362,55.168362,0.000000,281.128845,228.218277,52.910599,15,0.000244,rd1_L_o_reg[30]/CLK,rise
stage1_iter_reg[3]/D,53.248001,74.174713,231.856461,222.479706,stage1_iter_reg[1]/CLK,55.164902,55.164902,0.000000,285.104462,231.856461,53.248001,13,0.000244,stage1_iter_reg[3]/CLK,rise
rd1_L_o_reg[4]/D,53.913162,81.846115,226.357162,219.699753,stage1_iter_reg[3]/CLK,55.168362,55.168362,0.000000,280.270325,226.357178,53.913162,13,0.000244,rd1_L_o_reg[4]/CLK,rise
rd1_L_o_reg[19]/D,55.507828,83.970306,224.448441,218.308838,stage1_iter_reg[3]/CLK,55.168362,55.168362,0.000000,279.956268,224.448456,55.507828,13,0.000244,rd1_L_o_reg[19]/CLK,rise
rd1_L_o_reg[8]/D,56.406845,80.687805,225.038071,223.537598,stage1_iter_reg[1]/CLK,55.164902,55.164902,0.000000,281.444916,225.038071,56.406845,15,0.000244,rd1_L_o_reg[8]/CLK,rise
rd1_L_o_reg[22]/D,57.742371,77.964401,228.398010,231.355515,stage1_iter_reg[1]/CLK,55.164902,55.164902,0.000000,286.140381,228.398010,57.742371,17,0.000244,rd1_L_o_reg[22]/CLK,rise
rd1_L_o_reg[12]/D,58.357132,89.561752,226.944870,218.958450,stage1_iter_reg[3]/CLK,55.168362,55.168362,0.000000,285.302002,226.944901,58.357132,17,0.000244,rd1_L_o_reg[12]/CLK,rise
rd1_L_o_reg[21]/D,60.841309,92.270111,219.866486,212.054779,stage1_iter_reg[3]/CLK,55.168362,55.168362,0.000000,280.707794,219.866486,60.841309,13,0.000244,rd1_L_o_reg[21]/CLK,rise
rd1_L_o_reg[27]/D,62.428574,82.423401,222.248062,225.219940,stage1_iter_reg[1]/CLK,55.164902,55.164902,0.000000,284.676636,222.248062,62.428574,17,0.000244,rd1_L_o_reg[27]/CLK,rise
data_o_reg[5]/D,79.819107,98.836243,154.068817,148.023590,rd1_L_o_reg[23]/CLK,36.513317,36.513317,0.000000,233.887924,154.068817,79.819107,5,0.000000,data_o_reg[5]/CLK,rise
data_o_reg[13]/D,80.152222,99.588013,162.409561,156.455505,rd1_L_o_reg[22]/CLK,54.030499,54.030499,0.000000,242.561783,162.409576,80.152222,5,0.000000,data_o_reg[13]/CLK,rise
data_o_reg[15]/D,89.076889,118.327682,170.648636,164.215073,rd1_L_o_reg[30]/CLK,53.436626,53.436626,0.000000,259.725525,170.648636,89.076889,5,0.000244,data_o_reg[15]/CLK,rise
stage1_iter_reg[0]/D,89.845901,98.616486,198.875046,203.164963,stage1_iter_reg[1]/CLK,55.164902,55.164902,0.000000,284.76355,194.917648,89.845901,13,0.000244,stage1_iter_reg[0]/CLK,rise
stage1_iter_reg[1]/D,106.604858,116.242172,188.105682,192.455368,stage1_iter_reg[0]/CLK,54.749596,54.749596,0.000000,285.12738,178.522522,106.604858,11,0.000244,stage1_iter_reg[1]/CLK,rise
data_o_reg[10]/D,107.436020,123.075928,129.261200,127.821930,rd1_R_o_reg[14]/CLK,54.033386,54.033386,0.000000,236.69722,129.261200,107.436020,5,0.000000,data_o_reg[10]/CLK,rise
data_o_reg[53]/D,109.003540,138.068222,173.000336,167.006119,rd1_L_o_reg[17]/CLK,53.737434,53.737434,0.000000,282.003876,173.000351,109.003540,5,0.000244,data_o_reg[53]/CLK,rise
data_o_reg[55]/D,109.742325,137.550659,151.044449,145.274261,rd1_L_o_reg[25]/CLK,36.770088,36.770088,0.000000,260.786774,151.044464,109.742325,5,0.000244,data_o_reg[55]/CLK,rise
data_o_reg[39]/D,110.363098,138.964828,170.184296,164.394974,rd1_L_o_reg[27]/CLK,52.759277,52.759277,0.000000,280.547394,170.184311,110.363098,5,0.000244,data_o_reg[39]/CLK,rise
data_o_reg[14]/D,111.341751,127.527924,130.378036,128.044724,rd1_R_o_reg[30]/CLK,54.489147,54.489147,0.000000,241.719788,130.378036,111.341751,5,0.000000,data_o_reg[14]/CLK,rise
data_o_reg[11]/D,116.042267,144.542953,144.333893,138.272812,rd1_L_o_reg[14]/CLK,30.209806,30.209806,0.000000,260.37616,144.333908,116.042267,5,0.000244,data_o_reg[11]/CLK,rise
data_o_reg[21]/D,116.833679,145.489258,165.692871,159.962769,rd1_L_o_reg[21]/CLK,52.434715,52.434715,0.000000,282.52655,165.692871,116.833679,5,0.000244,data_o_reg[21]/CLK,rise
data_o_reg[60]/D,122.178474,135.497025,112.970070,111.816269,rd1_R_o_reg[16]/CLK,36.864628,36.864628,0.000000,235.148544,112.970062,122.178474,5,0.000000,data_o_reg[60]/CLK,rise
data_o_reg[41]/D,122.485428,140.565247,112.759491,107.447884,rd1_L_o_reg[2]/CLK,5.201362,5.201362,0.000000,235.244919,112.759491,122.485428,5,0.000000,data_o_reg[41]/CLK,rise
data_o_reg[63]/D,122.737915,151.936752,152.505920,146.469193,rd1_L_o_reg[24]/CLK,40.124107,40.124107,0.000000,275.243835,152.505920,122.737915,5,0.000244,data_o_reg[63]/CLK,rise
data_o_reg[25]/D,123.504684,152.041824,159.135574,153.555466,rd1_L_o_reg[4]/CLK,52.768909,52.768909,0.000000,282.640259,159.135559,123.504684,5,0.000244,data_o_reg[25]/CLK,rise
data_o_reg[27]/D,124.249969,152.658173,156.926727,151.507751,rd1_L_o_reg[12]/CLK,52.82235,52.822350,0.000000,281.176697,156.926727,124.249969,5,0.000244,data_o_reg[27]/CLK,rise
data_o_reg[37]/D,124.554611,152.925034,158.288284,152.796524,rd1_L_o_reg[19]/CLK,52.148621,52.148621,0.000000,282.842896,158.288300,124.554611,5,0.000244,data_o_reg[37]/CLK,rise
data_o_reg[51]/D,124.946243,152.781006,153.698044,148.613220,rd1_L_o_reg[9]/CLK,51.677334,51.677334,0.000000,278.644287,153.698044,124.946243,5,0.000244,data_o_reg[51]/CLK,rise
data_o_reg[31]/D,126.983826,154.115387,134.561188,129.100098,rd1_L_o_reg[28]/CLK,24.875151,24.875151,0.000000,261.545013,134.561188,126.983826,5,0.000244,data_o_reg[31]/CLK,rise
data_o_reg[35]/D,127.420212,155.067291,133.453201,127.785011,rd1_L_o_reg[11]/CLK,16.756218,16.756218,0.000000,260.873413,133.453201,127.420212,5,0.000000,data_o_reg[35]/CLK,rise
data_o_reg[45]/D,127.470474,154.932770,133.767532,128.320648,rd1_L_o_reg[18]/CLK,30.50956,30.509560,0.000000,261.238007,133.767532,127.470474,5,0.000244,data_o_reg[45]/CLK,rise
data_o_reg[61]/D,127.671204,154.549164,134.320068,129.168304,rd1_L_o_reg[16]/CLK,32.600025,32.600025,0.000000,261.991272,134.320068,127.671204,5,0.000244,data_o_reg[61]/CLK,rise
data_o_reg[23]/D,129.059296,155.956284,132.683990,127.380325,rd1_L_o_reg[29]/CLK,26.355854,26.355854,0.000000,261.743286,132.683990,129.059296,5,0.000244,data_o_reg[23]/CLK,rise
data_o_reg[3]/D,130.189453,160.006760,143.705841,137.376022,rd1_L_o_reg[15]/CLK,31.681198,31.681198,0.000000,273.895294,143.705856,130.189453,5,0.000244,data_o_reg[3]/CLK,rise
data_o_reg[19]/D,130.557068,150.208282,101.381706,96.120903,rd1_L_o_reg[13]/CLK,5.445721,5.445721,0.000000,231.938766,101.381714,130.557068,5,0.000000,data_o_reg[19]/CLK,rise
data_o_reg[59]/D,130.574249,158.260864,149.148743,144.337311,rd1_L_o_reg[8]/CLK,50.997551,50.997551,0.000000,279.722992,149.148743,130.574249,5,0.000244,data_o_reg[59]/CLK,rise
data_o_reg[12]/D,131.364395,156.214325,128.575394,126.458923,rd1_R_o_reg[22]/CLK,53.731136,53.731136,0.000000,259.939789,128.575394,131.364395,5,0.000244,data_o_reg[12]/CLK,rise
data_o_reg[50]/D,133.693665,148.502380,108.993973,107.463814,rd1_R_o_reg[9]/CLK,34.729107,34.729107,0.000000,242.687637,108.993973,133.693665,5,0.000000,data_o_reg[50]/CLK,rise
data_o_reg[62]/D,135.325043,150.002930,107.432526,106.051521,rd1_R_o_reg[24]/CLK,28.537937,28.537937,0.000000,242.757568,107.432526,135.325043,5,0.000000,data_o_reg[62]/CLK,rise
data_o_reg[44]/D,135.345718,149.770264,98.921082,97.331978,rd1_R_o_reg[18]/CLK,25.113022,25.113022,0.000000,234.2668,98.921074,135.345718,5,0.000000,data_o_reg[44]/CLK,rise
data_o_reg[47]/D,135.841248,162.540222,125.941772,120.952629,rd1_L_o_reg[26]/CLK,26.625832,26.625832,0.000000,261.78302,125.941772,135.841248,5,0.000244,data_o_reg[47]/CLK,rise
data_o_reg[29]/D,136.255951,156.553375,94.470009,89.928772,rd1_L_o_reg[20]/CLK,5.7393,5.739300,0.000000,230.725967,94.470001,136.255951,5,0.000000,data_o_reg[29]/CLK,rise
data_o_reg[58]/D,136.381287,151.423340,105.889992,104.356926,rd1_R_o_reg[8]/CLK,42.08268,42.082680,0.000000,242.271271,105.889992,136.381287,5,0.000000,data_o_reg[58]/CLK,rise
data_o_reg[1]/D,137.318771,166.158356,139.653458,133.853058,rd1_L_o_reg[7]/CLK,30.071428,30.071428,0.000000,276.972229,139.653458,137.318771,5,0.000244,data_o_reg[1]/CLK,rise
data_o_reg[33]/D,138.163818,164.818207,123.552345,118.644005,rd1_L_o_reg[3]/CLK,25.110804,25.110804,0.000000,261.716156,123.552353,138.163818,5,0.000244,data_o_reg[33]/CLK,rise
data_o_reg[46]/D,140.825439,155.089142,102.391663,101.207283,rd1_R_o_reg[26]/CLK,27.058134,27.058134,0.000000,243.217102,102.391670,140.825439,5,0.000000,data_o_reg[46]/CLK,rise
data_o_reg[49]/D,148.449615,165.943481,95.118645,90.838005,rd1_L_o_reg[1]/CLK,10.739489,10.739489,0.000000,243.568268,95.118652,148.449615,5,0.000000,data_o_reg[49]/CLK,rise
data_o_reg[6]/D,148.471588,163.962585,84.375931,82.534714,rd1_R_o_reg[31]/CLK,11.409556,11.409556,0.000000,232.847519,84.375923,148.471588,5,0.000000,data_o_reg[6]/CLK,rise
data_o_reg[57]/D,148.524902,165.032501,86.972000,82.690102,rd1_L_o_reg[0]/CLK,4.730232,4.730232,0.000000,235.496902,86.971992,148.524902,5,0.000000,data_o_reg[57]/CLK,rise
data_o_reg[17]/D,149.494598,179.451630,127.522316,119.829491,rd1_L_o_reg[5]/CLK,8.725939,8.725939,0.000000,277.016907,127.522324,149.494598,5,0.000000,data_o_reg[17]/CLK,rise
data_o_reg[7]/D,149.526245,176.701569,111.375099,106.162621,rd1_L_o_reg[31]/CLK,10.58153,10.581530,0.000000,260.901337,111.375107,149.526245,5,0.000000,data_o_reg[7]/CLK,rise
data_o_reg[2]/D,149.727112,162.588623,85.789146,85.022560,rd1_R_o_reg[15]/CLK,27.046371,27.046371,0.000000,235.516251,85.789154,149.727112,5,0.000000,data_o_reg[2]/CLK,rise
data_o_reg[20]/D,149.962189,163.208313,84.858734,83.996696,rd1_R_o_reg[21]/CLK,12.266247,12.266247,0.000000,234.820923,84.858734,149.962189,5,0.000000,data_o_reg[20]/CLK,rise
data_o_reg[22]/D,151.863098,166.414581,82.214989,80.638634,rd1_R_o_reg[29]/CLK,10.788837,10.788837,0.000000,234.078079,82.214981,151.863098,5,0.000000,data_o_reg[22]/CLK,rise
data_o_reg[43]/D,152.109711,181.886383,119.663216,112.183418,rd1_L_o_reg[10]/CLK,6.248827,6.248827,0.000000,271.772919,119.663208,152.109711,5,0.000000,data_o_reg[43]/CLK,rise
data_o_reg[36]/D,158.523315,182.482391,126.679443,125.408234,rd1_R_o_reg[19]/CLK,54.926224,54.926224,0.000000,285.202759,126.679443,158.523315,5,0.000244,data_o_reg[36]/CLK,rise
data_o_reg[24]/D,159.018524,183.134430,125.895081,124.599457,rd1_R_o_reg[4]/CLK,54.956963,54.956963,0.000000,284.913605,125.895081,159.018524,5,0.000244,data_o_reg[24]/CLK,rise
data_o_reg[40]/D,160.146790,184.209229,121.097778,119.846321,rd1_R_o_reg[2]/CLK,43.913132,43.913132,0.000000,281.244568,121.097778,160.146790,5,0.000244,data_o_reg[40]/CLK,rise
data_o_reg[30]/D,160.602509,173.782242,74.380905,73.399826,rd1_R_o_reg[28]/CLK,6.27072,6.270720,0.000000,234.983414,74.380905,160.602509,5,0.000000,data_o_reg[30]/CLK,rise
data_o_reg[52]/D,161.132233,174.358276,74.083397,73.049110,rd1_R_o_reg[17]/CLK,6.692248,6.692248,0.000000,235.215622,74.083389,161.132233,5,0.000000,data_o_reg[52]/CLK,rise
data_o_reg[48]/D,163.862061,186.512939,98.105621,96.985138,rd1_R_o_reg[1]/CLK,27.13587,27.135870,0.000000,261.967682,98.105629,163.862061,5,0.000244,data_o_reg[48]/CLK,rise
data_o_reg[16]/D,167.867371,182.044373,75.566208,74.508972,rd1_R_o_reg[5]/CLK,7.558375,7.558375,0.000000,243.433578,75.566200,167.867371,5,0.000000,data_o_reg[16]/CLK,rise
data_o_reg[4]/D,168.475464,194.769989,111.740852,108.588623,rd1_R_o_reg[23]/CLK,36.867134,36.867134,0.000000,280.216309,111.740852,168.475464,5,0.000244,data_o_reg[4]/CLK,rise
data_o_reg[26]/D,169.303528,182.372833,66.718300,65.988304,rd1_R_o_reg[12]/CLK,5.432838,5.432838,0.000000,236.02182,66.718292,169.303528,5,0.000000,data_o_reg[26]/CLK,rise
data_o_reg[8]/D,169.626831,183.488907,74.143776,73.372086,rd1_R_o_reg[6]/CLK,11.410875,11.410875,0.000000,243.770615,74.143768,169.626831,5,0.000000,data_o_reg[8]/CLK,rise
data_o_reg[9]/D,170.111343,198.663208,108.117935,102.740547,rd1_L_o_reg[6]/CLK,10.688982,10.688982,0.000000,278.229279,108.117935,170.111343,5,0.000000,data_o_reg[9]/CLK,rise
data_o_reg[34]/D,171.863785,185.642578,71.813812,71.151909,rd1_R_o_reg[11]/CLK,12.273975,12.273975,0.000000,243.677597,71.813812,171.863785,5,0.000000,data_o_reg[34]/CLK,rise
data_o_reg[0]/D,172.957947,187.081024,70.414330,69.520805,rd1_R_o_reg[7]/CLK,11.232971,11.232971,0.000000,243.372269,70.414322,172.957947,5,0.000000,data_o_reg[0]/CLK,rise
data_o_reg[38]/D,174.406128,188.918930,58.421089,57.920872,rd1_R_o_reg[27]/CLK,4.938914,4.938914,0.000000,232.827209,58.421089,174.406128,5,0.000000,data_o_reg[38]/CLK,rise
data_o_reg[42]/D,175.218430,187.829315,60.608959,60.141228,rd1_R_o_reg[10]/CLK,3.859898,3.859898,0.000000,235.827393,60.608959,175.218430,5,0.000000,data_o_reg[42]/CLK,rise
data_o_reg[54]/D,176.763458,200.554688,103.370728,102.341034,rd1_R_o_reg[25]/CLK,36.862949,36.862949,0.000000,280.134186,103.370728,176.763458,5,0.000244,data_o_reg[54]/CLK,rise
data_o_reg[56]/D,179.951477,192.309250,55.450169,55.223221,rd1_R_o_reg[0]/CLK,3.91085,3.910850,0.000000,235.401642,55.450165,179.951477,5,0.000000,data_o_reg[56]/CLK,rise
data_o_reg[32]/D,188.191895,201.348175,57.111294,57.297752,rd1_R_o_reg[3]/CLK,8.298516,8.298516,0.000000,245.303192,57.111294,188.191895,5,0.000000,data_o_reg[32]/CLK,rise
data_o_reg[18]/D,202.704407,226.276672,79.967163,79.150444,rd1_R_o_reg[13]/CLK,7.307458,7.307458,0.000000,282.67157,79.967155,202.704407,5,0.000000,data_o_reg[18]/CLK,rise
data_o_reg[28]/D,213.233887,237.138870,66.833244,65.883865,rd1_R_o_reg[20]/CLK,6.939154,6.939154,0.000000,280.067139,66.833244,213.233887,5,0.000000,data_o_reg[28]/CLK,rise
rd1_R_o_reg[0]/D,-123.819839,-123.596893,364.343811,374.826294,stage1_iter_reg[1]/CLK,55.164902,55.164902,0.000000,251.229401,374.826294,-123.596893,39,0.000000,rd1_R_o_reg[0]/CLK,fall
rd1_R_o_reg[10]/D,-123.909515,-123.258255,364.397430,374.525543,stage1_iter_reg[1]/CLK,55.164902,55.164902,0.000000,251.267288,374.525574,-123.258255,39,0.000000,rd1_R_o_reg[10]/CLK,fall
rd1_R_o_reg[3]/D,-117.351471,-117.602295,362.128174,372.214691,stage1_iter_reg[1]/CLK,55.164902,55.164902,0.000000,254.612396,372.214661,-117.602295,39,0.000000,rd1_R_o_reg[3]/CLK,fall
rd1_R_o_reg[27]/D,-120.986725,-117.092636,362.004059,368.657776,stage1_iter_reg[1]/CLK,55.164902,55.164902,0.000000,251.56514,368.657837,-117.092636,33,0.000000,rd1_R_o_reg[27]/CLK,fall
rd1_R_o_reg[17]/D,-119.796814,-116.215820,362.649628,369.266541,stage1_iter_reg[1]/CLK,55.164902,55.164902,0.000000,253.05072,369.266479,-116.215820,37,0.000000,rd1_R_o_reg[17]/CLK,fall
rd1_R_o_reg[13]/D,-116.853073,-116.077194,360.455963,370.158417,stage1_iter_reg[1]/CLK,55.164902,55.164902,0.000000,254.081223,370.158447,-116.077194,39,0.000000,rd1_R_o_reg[13]/CLK,fall
rd1_R_o_reg[12]/D,-120.599731,-115.375626,362.141632,366.986023,stage1_iter_reg[1]/CLK,55.164902,55.164902,0.000000,251.610397,366.985901,-115.375626,41,0.000000,rd1_R_o_reg[12]/CLK,fall
rd1_R_o_reg[20]/D,-121.122192,-113.507996,364.497864,367.701874,stage1_iter_reg[1]/CLK,55.164902,55.164902,0.000000,254.193878,367.701843,-113.507996,39,0.000000,rd1_R_o_reg[20]/CLK,fall
rd1_R_o_reg[5]/D,-116.002625,-113.252716,359.986206,366.945587,stage1_iter_reg[1]/CLK,55.164902,55.164902,0.000000,253.692871,366.945557,-113.252716,35,0.000000,rd1_R_o_reg[5]/CLK,fall
rd1_R_o_reg[29]/D,-113.459442,-110.853577,362.345459,370.203339,stage1_iter_reg[1]/CLK,55.164902,55.164902,0.000000,259.349762,370.203369,-110.853577,39,0.000000,rd1_R_o_reg[29]/CLK,fall
rd1_R_o_reg[28]/D,-119.014862,-110.812424,361.329987,364.030029,stage1_iter_reg[1]/CLK,55.164902,55.164902,0.000000,253.217606,364.029968,-110.812424,37,0.000000,rd1_R_o_reg[28]/CLK,fall
rd1_R_o_reg[6]/D,-113.599457,-109.559631,360.842712,367.233856,stage1_iter_reg[1]/CLK,55.164902,55.164902,0.000000,257.674225,367.233826,-109.559631,37,0.000000,rd1_R_o_reg[6]/CLK,fall
rd1_R_o_reg[21]/D,-112.559982,-109.138885,360.644440,367.324554,stage1_iter_reg[1]/CLK,55.164902,55.164902,0.000000,258.185669,367.324524,-109.138885,33,0.000000,rd1_R_o_reg[21]/CLK,fall
rd1_R_o_reg[31]/D,-113.271179,-109.042786,360.339813,366.844177,stage1_iter_reg[1]/CLK,55.164902,55.164902,0.000000,257.801392,366.844116,-109.042786,35,0.000000,rd1_R_o_reg[31]/CLK,fall
rd1_R_o_reg[11]/D,-113.549820,-106.623138,361.335602,364.848694,stage1_iter_reg[1]/CLK,55.164902,55.164902,0.000000,258.225555,364.848694,-106.623138,35,0.000000,rd1_R_o_reg[11]/CLK,fall
rd1_R_o_reg[7]/D,-112.853195,-103.470795,362.118286,363.238770,stage1_iter_reg[1]/CLK,55.164902,55.164902,0.000000,259.767975,363.238708,-103.470795,39,0.000000,rd1_R_o_reg[7]/CLK,fall
rd1_R_o_reg[1]/D,-99.253479,-99.255005,361.934265,373.415314,stage1_iter_reg[1]/CLK,55.164902,55.164902,0.000000,274.160309,373.415344,-99.255005,37,0.000244,rd1_R_o_reg[1]/CLK,fall
rd1_R_o_reg[24]/D,-98.596283,-96.326843,362.401642,371.555817,stage1_iter_reg[1]/CLK,55.164902,55.164902,0.000000,275.228973,371.555725,-96.326843,37,0.000244,rd1_R_o_reg[24]/CLK,fall
rd1_R_o_reg[18]/D,-103.434723,-94.663086,364.512726,368.025421,stage1_iter_reg[1]/CLK,55.164902,55.164902,0.000000,273.362335,368.025391,-94.663086,37,0.000244,rd1_R_o_reg[18]/CLK,fall
rd1_R_o_reg[15]/D,-98.442810,-91.494537,361.064636,366.125671,stage1_iter_reg[1]/CLK,55.164902,55.164902,0.000000,274.631134,366.125610,-91.494537,37,0.000244,rd1_R_o_reg[15]/CLK,fall
rd1_R_o_reg[26]/D,-99.477905,-90.962891,362.107086,365.749634,stage1_iter_reg[1]/CLK,55.164902,55.164902,0.000000,274.786743,365.749573,-90.962891,35,0.000244,rd1_R_o_reg[26]/CLK,fall
rd1_R_o_reg[9]/D,-92.227570,-90.455292,360.983643,370.396606,stage1_iter_reg[1]/CLK,55.164902,55.164902,0.000000,279.941315,370.396606,-90.455292,35,0.000244,rd1_R_o_reg[9]/CLK,fall
rd1_R_o_reg[16]/D,-89.776245,-88.532532,360.243591,370.758301,stage1_iter_reg[1]/CLK,55.164902,55.164902,0.000000,282.225769,370.758301,-88.532532,35,0.000244,rd1_R_o_reg[16]/CLK,fall
rd1_R_o_reg[25]/D,-93.320007,-86.109406,363.767487,367.729309,stage1_iter_reg[1]/CLK,55.164902,55.164902,0.000000,281.619904,367.729309,-86.109406,37,0.000244,rd1_R_o_reg[25]/CLK,fall
rd1_R_o_reg[8]/D,-84.880127,-82.741699,359.505341,369.120972,stage1_iter_reg[1]/CLK,55.164902,55.164902,0.000000,286.379272,369.120911,-82.741699,37,0.000244,rd1_R_o_reg[8]/CLK,fall
rd1_R_o_reg[23]/D,-92.723328,-81.368164,363.184174,363.490845,stage1_iter_reg[1]/CLK,55.164902,55.164902,0.000000,282.122681,363.490845,-81.368164,35,0.000244,rd1_R_o_reg[23]/CLK,fall
rd1_R_o_reg[2]/D,-81.560852,-75.454437,357.660034,363.878632,stage1_iter_reg[1]/CLK,55.164902,55.164902,0.000000,288.424194,363.878601,-75.454437,39,0.000244,rd1_R_o_reg[2]/CLK,fall
rd1_R_o_reg[19]/D,-73.649292,-73.378204,358.551971,369.980286,stage1_iter_reg[1]/CLK,55.164902,55.164902,0.000000,296.602081,369.980225,-73.378204,37,0.000244,rd1_R_o_reg[19]/CLK,fall
rd1_R_o_reg[22]/D,-77.670929,-71.886414,361.639404,367.820831,stage1_iter_reg[1]/CLK,55.164902,55.164902,0.000000,295.934418,367.820801,-71.886414,37,0.000244,rd1_R_o_reg[22]/CLK,fall
rd1_R_o_reg[14]/D,-75.564758,-70.943298,359.778961,367.232819,stage1_iter_reg[1]/CLK,55.164902,55.164902,0.000000,296.28952,367.232788,-70.943298,33,0.000244,rd1_R_o_reg[14]/CLK,fall
rd1_R_o_reg[30]/D,-79.326843,-70.303101,363.799988,367.093750,stage1_iter_reg[1]/CLK,55.164902,55.164902,0.000000,296.790649,367.093628,-70.303101,37,0.000244,rd1_R_o_reg[30]/CLK,fall
rd1_R_o_reg[4]/D,-74.254486,-65.720245,359.170624,362.305695,stage1_iter_reg[1]/CLK,55.164902,55.164902,0.000000,296.585449,362.305664,-65.720245,37,0.000244,rd1_R_o_reg[4]/CLK,fall
stage1_iter_reg[2]/D,-46.608795,-42.847626,214.439941,222.197601,stage1_iter_reg[1]/CLK,55.164902,55.164902,0.000000,179.349976,222.197586,-42.847626,13,0.000000,stage1_iter_reg[2]/CLK,fall
rd1_Key_o_reg[1]/D,-47.198685,-22.387970,291.340240,278.107727,stage1_iter_reg[1]/CLK,55.164902,55.164902,0.000000,255.719757,278.107727,-22.387970,25,0.000000,rd1_Key_o_reg[1]/CLK,fall
rd1_Key_o_reg[27]/D,-22.865524,-20.538391,265.557159,274.444672,stage1_iter_reg[1]/CLK,55.164902,55.164902,0.000000,253.906281,274.444702,-20.538391,23,0.000000,rd1_Key_o_reg[27]/CLK,fall
rd1_Key_o_reg[18]/D,-28.285782,-17.863419,268.067047,268.964203,stage1_iter_reg[1]/CLK,55.164902,55.164902,0.000000,251.100784,268.964233,-17.863419,21,0.000000,rd1_Key_o_reg[18]/CLK,fall
rd1_Key_o_reg[15]/D,-29.932678,-16.626251,273.313049,272.163086,stage1_iter_reg[1]/CLK,55.164902,55.164902,0.000000,255.536835,272.163086,-16.626251,23,0.000000,rd1_Key_o_reg[15]/CLK,fall
rd1_Key_o_reg[2]/D,-28.262024,-16.249863,269.640717,268.254517,stage1_iter_reg[1]/CLK,55.164902,55.164902,0.000000,252.004654,268.254517,-16.249863,21,0.000000,rd1_Key_o_reg[2]/CLK,fall
rd1_Key_o_reg[26]/D,-31.443909,-15.678558,278.819916,275.755615,stage1_iter_reg[1]/CLK,55.164902,55.164902,0.000000,260.077057,275.755615,-15.678558,25,0.000000,rd1_Key_o_reg[26]/CLK,fall
rd1_Key_o_reg[24]/D,-34.307831,-14.668640,286.865784,281.250885,stage1_iter_reg[1]/CLK,55.164902,55.164902,0.000000,266.582245,281.250916,-14.668640,21,0.000000,rd1_Key_o_reg[24]/CLK,fall
rd1_Key_o_reg[12]/D,-34.248672,-14.470673,278.341034,270.347473,stage1_iter_reg[1]/CLK,55.164902,55.164902,0.000000,255.876801,270.347473,-14.470673,23,0.000000,rd1_Key_o_reg[12]/CLK,fall
rd1_Key_o_reg[16]/D,-24.462936,-12.755676,266.224792,267.460419,stage1_iter_reg[1]/CLK,55.164902,55.164902,0.000000,254.704742,267.460388,-12.755676,23,0.000000,rd1_Key_o_reg[16]/CLK,fall
rd1_Key_o_reg[36]/D,-20.317841,-11.217743,265.427094,267.753204,stage1_iter_reg[1]/CLK,55.164902,55.164902,0.000000,256.535461,267.753174,-11.217743,21,0.000000,rd1_Key_o_reg[36]/CLK,fall
rd1_Key_o_reg[19]/D,-28.290649,-10.919464,271.744843,265.279175,stage1_iter_reg[1]/CLK,55.164902,55.164902,0.000000,254.359711,265.279236,-10.919464,23,0.000000,rd1_Key_o_reg[19]/CLK,fall
rd1_Key_o_reg[47]/D,-30.493332,-8.538361,276.035034,265.558868,stage1_iter_reg[1]/CLK,55.164902,55.164902,0.000000,257.020508,265.558838,-8.538361,23,0.000000,rd1_Key_o_reg[47]/CLK,fall
rd1_Key_o_reg[13]/D,-22.977814,-7.011002,267.399292,262.346710,stage1_iter_reg[1]/CLK,55.164902,55.164902,0.000000,255.335709,262.346741,-7.011002,21,0.000000,rd1_Key_o_reg[13]/CLK,fall
rd1_Key_o_reg[21]/D,-15.504623,-6.728851,261.374023,263.590363,stage1_iter_reg[1]/CLK,55.164902,55.164902,0.000000,256.861511,263.590393,-6.728851,21,0.000000,rd1_Key_o_reg[21]/CLK,fall
rd1_Key_o_reg[8]/D,-25.267471,-5.827713,268.487518,258.396729,stage1_iter_reg[1]/CLK,55.164902,55.164902,0.000000,252.569016,258.396729,-5.827713,21,0.000000,rd1_Key_o_reg[8]/CLK,fall
rd1_Key_o_reg[11]/D,-14.843094,-3.347046,259.498047,259.156921,stage1_iter_reg[1]/CLK,55.164902,55.164902,0.000000,255.809875,259.156921,-3.347046,21,0.000000,rd1_Key_o_reg[11]/CLK,fall
rd1_Key_o_reg[40]/D,-13.650665,-2.773834,259.276306,259.726166,stage1_iter_reg[1]/CLK,55.164902,55.164902,0.000000,256.952332,259.726196,-2.773834,21,0.000000,rd1_Key_o_reg[40]/CLK,fall
rd1_Key_o_reg[43]/D,-13.311646,-1.497833,259.064850,258.671204,stage1_iter_reg[1]/CLK,55.164902,55.164902,0.000000,257.17337,258.671204,-1.497833,21,0.000000,rd1_Key_o_reg[43]/CLK,fall
rd1_Key_o_reg[6]/D,-19.853210,-0.637344,262.013306,253.239349,stage1_iter_reg[1]/CLK,55.164902,55.164902,0.000000,252.602005,253.239334,-0.637344,23,0.000000,rd1_Key_o_reg[6]/CLK,fall
rd1_Key_o_reg[17]/D,-16.759918,1.524796,258.981079,251.264755,stage1_iter_reg[1]/CLK,55.164902,55.164902,0.000000,252.789551,251.264755,1.524796,21,0.000000,rd1_Key_o_reg[17]/CLK,fall
rd1_Key_o_reg[20]/D,-16.573395,2.660370,259.634583,252.349930,stage1_iter_reg[1]/CLK,55.164902,55.164902,0.000000,255.0103,252.349960,2.660370,23,0.000000,rd1_Key_o_reg[20]/CLK,fall
rd1_Key_o_reg[42]/D,-13.616043,3.696274,258.643921,252.769516,stage1_iter_reg[1]/CLK,55.164902,55.164902,0.000000,256.46579,252.769516,3.696274,21,0.000000,rd1_Key_o_reg[42]/CLK,fall
rd1_Key_o_reg[5]/D,-8.101013,3.857498,251.613251,250.414429,stage1_iter_reg[1]/CLK,55.164902,55.164902,0.000000,254.271927,250.414444,3.857498,21,0.000000,rd1_Key_o_reg[5]/CLK,fall
rd1_Key_o_reg[23]/D,-16.985916,4.315323,256.359375,247.160385,stage1_iter_reg[1]/CLK,55.164902,55.164902,0.000000,251.475708,247.160385,4.315323,21,0.000000,rd1_Key_o_reg[23]/CLK,fall
rd1_Key_o_reg[10]/D,-20.062653,4.645309,266.369781,254.159927,stage1_iter_reg[1]/CLK,55.164902,55.164902,0.000000,258.805237,254.159927,4.645309,23,0.000000,rd1_Key_o_reg[10]/CLK,fall
rd1_Key_o_reg[3]/D,-13.440155,5.038818,267.664795,263.966736,stage1_iter_reg[1]/CLK,55.164902,55.164902,0.000000,269.005554,263.966736,5.038818,23,0.000000,rd1_Key_o_reg[3]/CLK,fall
rd1_Key_o_reg[22]/D,-12.359344,5.596985,257.598877,251.352478,stage1_iter_reg[1]/CLK,55.164902,55.164902,0.000000,256.949463,251.352493,5.596985,19,0.000000,rd1_Key_o_reg[22]/CLK,fall
rd1_L_o_reg[20]/D,-11.090088,6.068680,251.417969,251.041489,stage1_iter_reg[3]/CLK,55.168362,55.168362,0.000000,257.110168,251.041489,6.068680,21,0.000000,rd1_L_o_reg[20]/CLK,fall
rd1_Key_o_reg[4]/D,-8.651825,6.523712,267.381683,267.250183,stage1_iter_reg[1]/CLK,55.164902,55.164902,0.000000,273.773895,267.250183,6.523712,21,0.000000,rd1_Key_o_reg[4]/CLK,fall
rd1_Key_o_reg[37]/D,-18.807922,6.983551,283.932892,273.103516,stage1_iter_reg[1]/CLK,55.164902,55.164902,0.000000,280.087067,273.103516,6.983551,23,0.000244,rd1_Key_o_reg[37]/CLK,fall
rd1_L_o_reg[10]/D,-17.289047,7.040878,256.977112,250.390030,stage1_iter_reg[1]/CLK,55.164902,55.164902,0.000000,257.430908,250.390060,7.040878,17,0.000000,rd1_L_o_reg[10]/CLK,fall
rd1_Key_o_reg[48]/D,-9.661011,7.083893,279.515442,278.227509,stage1_iter_reg[1]/CLK,55.164902,55.164902,0.000000,285.311401,278.227539,7.083893,25,0.000244,rd1_Key_o_reg[48]/CLK,fall
rd1_Key_o_reg[14]/D,-17.506516,8.346329,261.796204,247.920944,stage1_iter_reg[1]/CLK,55.164902,55.164902,0.000000,256.267273,247.920944,8.346329,21,0.000000,rd1_Key_o_reg[14]/CLK,fall
rd1_Key_o_reg[7]/D,-8.710815,10.528610,257.888824,252.239883,stage1_iter_reg[1]/CLK,55.164902,55.164902,0.000000,262.768494,252.239883,10.528610,19,0.000000,rd1_Key_o_reg[7]/CLK,fall
rd1_L_o_reg[0]/D,7.245331,14.690125,229.521698,233.880692,stage1_iter_reg[3]/CLK,55.168362,55.168362,0.000000,248.570816,233.880676,14.690125,19,0.000000,rd1_L_o_reg[0]/CLK,fall
rd1_Key_o_reg[38]/D,-11.398102,16.131897,275.898590,263.722443,stage1_iter_reg[1]/CLK,55.164902,55.164902,0.000000,279.85434,263.722473,16.131897,21,0.000244,rd1_Key_o_reg[38]/CLK,fall
rd1_Key_o_reg[34]/D,1.378052,16.324219,263.916473,263.829559,stage1_iter_reg[1]/CLK,55.164902,55.164902,0.000000,280.153778,263.829529,16.324219,21,0.000244,rd1_Key_o_reg[34]/CLK,fall
rd1_Key_o_reg[25]/D,6.140686,17.419373,257.601501,261.361847,stage1_iter_reg[1]/CLK,55.164902,55.164902,0.000000,278.781219,261.361816,17.419373,21,0.000244,rd1_Key_o_reg[25]/CLK,fall
rd1_Key_o_reg[32]/D,4.240631,18.581970,264.357513,265.316071,stage1_iter_reg[1]/CLK,55.164902,55.164902,0.000000,283.898041,265.316101,18.581970,19,0.000244,rd1_Key_o_reg[32]/CLK,fall
rd1_Key_o_reg[28]/D,-2.344177,18.770538,273.237762,267.719727,stage1_iter_reg[1]/CLK,55.164902,55.164902,0.000000,286.490265,267.719727,18.770538,23,0.000244,rd1_Key_o_reg[28]/CLK,fall
rd1_Key_o_reg[54]/D,6.824982,19.518829,262.004761,264.469940,stage1_iter_reg[1]/CLK,55.164902,55.164902,0.000000,283.98877,264.469910,19.518829,21,0.000244,rd1_Key_o_reg[54]/CLK,fall
rd1_Key_o_reg[0]/D,5.788544,19.730194,238.464828,236.214752,stage1_iter_reg[1]/CLK,55.164902,55.164902,0.000000,255.944946,236.214767,19.730194,19,0.000000,rd1_Key_o_reg[0]/CLK,fall
rd1_L_o_reg[13]/D,0.787750,20.060013,234.824036,230.440857,stage1_iter_reg[3]/CLK,55.168362,55.168362,0.000000,250.50087,230.440872,20.060013,15,0.000000,rd1_L_o_reg[13]/CLK,fall
rd1_Key_o_reg[55]/D,0.804596,20.971436,265.486053,260.375336,stage1_iter_reg[0]/CLK,54.749596,54.749596,0.000000,281.346771,260.375366,20.971436,25,0.000244,rd1_Key_o_reg[55]/CLK,fall
rd1_Key_o_reg[51]/D,7.851074,22.342957,265.614258,266.438019,stage1_iter_reg[1]/CLK,55.164902,55.164902,0.000000,288.780975,266.437988,22.342957,21,0.000244,rd1_Key_o_reg[51]/CLK,fall
ready_o_reg/D,18.649170,22.930176,240.882843,258.356628,stage1_iter_reg[0]/CLK,54.749596,54.749596,0.000000,281.286804,258.356628,22.930176,19,0.000244,ready_o_reg/CLK,fall
rd1_Key_o_reg[39]/D,-1.203949,23.611176,266.081726,256.483398,stage1_iter_reg[1]/CLK,55.164902,55.164902,0.000000,280.094574,256.483398,23.611176,21,0.000244,rd1_Key_o_reg[39]/CLK,fall
rd1_L_o_reg[3]/D,-1.077301,25.956467,260.588959,255.309830,stage1_iter_reg[1]/CLK,55.164902,55.164902,0.000000,281.266296,255.309830,25.956467,19,0.000244,rd1_L_o_reg[3]/CLK,fall
rd1_Key_o_reg[31]/D,9.507599,26.714966,261.989685,260.768951,stage1_iter_reg[1]/CLK,55.164902,55.164902,0.000000,287.483917,260.768982,26.714966,21,0.000244,rd1_Key_o_reg[31]/CLK,fall
rd1_Key_o_reg[33]/D,11.803314,26.788391,262.024414,262.366425,stage1_iter_reg[1]/CLK,55.164902,55.164902,0.000000,289.154816,262.366455,26.788391,21,0.000244,rd1_Key_o_reg[33]/CLK,fall
rd1_Key_o_reg[53]/D,2.042236,27.488770,271.393829,261.738770,stage1_iter_reg[1]/CLK,55.164902,55.164902,0.000000,289.227539,261.738770,27.488770,23,0.000244,rd1_Key_o_reg[53]/CLK,fall
rd1_L_o_reg[6]/D,11.187546,28.722046,229.074020,225.563919,stage1_iter_reg[3]/CLK,55.168362,55.168362,0.000000,254.285965,225.563934,28.722046,15,0.000000,rd1_L_o_reg[6]/CLK,fall
rd1_Key_o_reg[9]/D,6.839172,28.979980,276.802734,270.616394,stage1_iter_reg[1]/CLK,55.164902,55.164902,0.000000,299.596375,270.616394,28.979980,21,0.000244,rd1_Key_o_reg[9]/CLK,fall
rd1_Key_o_reg[52]/D,13.399811,31.341431,259.414124,256.808167,stage1_iter_reg[1]/CLK,55.164902,55.164902,0.000000,288.149597,256.808167,31.341431,21,0.000244,rd1_Key_o_reg[52]/CLK,fall
rd1_Key_o_reg[35]/D,9.953949,33.213318,274.371063,266.966461,stage1_iter_reg[1]/CLK,55.164902,55.164902,0.000000,300.179779,266.966431,33.213318,23,0.000244,rd1_Key_o_reg[35]/CLK,fall
rd1_Key_o_reg[50]/D,5.815094,34.743454,267.772949,255.115921,stage1_iter_reg[1]/CLK,55.164902,55.164902,0.000000,289.859375,255.115906,34.743454,23,0.000244,rd1_Key_o_reg[50]/CLK,fall
rd1_L_o_reg[5]/D,22.028366,38.462265,220.813858,223.323868,stage1_iter_reg[3]/CLK,55.168362,55.168362,0.000000,261.786133,223.323883,38.462265,15,0.000000,rd1_L_o_reg[5]/CLK,fall
rd1_L_o_reg[1]/D,16.013657,39.433090,225.141541,215.221115,stage1_iter_reg[1]/CLK,55.164902,55.164902,0.000000,254.654205,215.221115,39.433090,15,0.000000,rd1_L_o_reg[1]/CLK,fall
rd1_Key_o_reg[45]/D,17.321716,39.975220,268.094208,262.018890,stage1_iter_reg[1]/CLK,55.164902,55.164902,0.000000,301.99411,262.018860,39.975220,23,0.000244,rd1_Key_o_reg[45]/CLK,fall
rd1_Key_o_reg[46]/D,20.928436,40.637054,264.934418,261.796021,stage1_iter_reg[1]/CLK,55.164902,55.164902,0.000000,302.433075,261.796021,40.637054,23,0.000244,rd1_Key_o_reg[46]/CLK,fall
rd1_Key_o_reg[30]/D,23.453247,40.660431,260.118073,258.441589,stage1_iter_reg[1]/CLK,55.164902,55.164902,0.000000,299.10202,258.441589,40.660431,21,0.000244,rd1_Key_o_reg[30]/CLK,fall
rd1_L_o_reg[31]/D,16.817154,41.577423,223.879013,212.656784,stage1_iter_reg[1]/CLK,55.164902,55.164902,0.000000,254.234207,212.656799,41.577423,15,0.000000,rd1_L_o_reg[31]/CLK,fall
rd1_Key_o_reg[44]/D,25.054260,42.545074,260.187103,259.257935,stage1_iter_reg[1]/CLK,55.164902,55.164902,0.000000,301.803009,259.257996,42.545074,23,0.000244,rd1_Key_o_reg[44]/CLK,fall
rd1_L_o_reg[11]/D,21.510498,43.784088,228.207764,227.858215,stage1_iter_reg[3]/CLK,55.168362,55.168362,0.000000,271.642303,227.858215,43.784088,15,0.000000,rd1_L_o_reg[11]/CLK,fall
rd1_Key_o_reg[49]/D,18.694427,45.896729,267.391907,263.656616,stage1_iter_reg[1]/CLK,55.164902,55.164902,0.000000,309.553345,263.656616,45.896729,23,0.000244,rd1_Key_o_reg[49]/CLK,fall
rd1_Key_o_reg[29]/D,22.166809,45.927399,262.352020,254.913788,stage1_iter_reg[1]/CLK,55.164902,55.164902,0.000000,300.841187,254.913788,45.927399,21,0.000244,rd1_Key_o_reg[29]/CLK,fall
rd1_Key_o_reg[41]/D,12.043915,46.274902,272.787323,255.307587,stage1_iter_reg[1]/CLK,55.164902,55.164902,0.000000,301.582489,255.307602,46.274902,21,0.000244,rd1_Key_o_reg[41]/CLK,fall
rd1_L_o_reg[28]/D,25.315536,47.479202,236.456589,236.443893,stage1_iter_reg[3]/CLK,55.168362,55.168362,0.000000,283.923096,236.443909,47.479202,17,0.000244,rd1_L_o_reg[28]/CLK,fall
rd1_L_o_reg[2]/D,24.321243,50.653824,213.292053,202.072662,stage1_iter_reg[1]/CLK,55.164902,55.164902,0.000000,252.726486,202.072647,50.653824,15,0.000000,rd1_L_o_reg[2]/CLK,fall
rd1_L_o_reg[15]/D,34.408157,55.766525,231.228531,231.668137,stage1_iter_reg[3]/CLK,55.168362,55.168362,0.000000,287.434662,231.668167,55.766525,17,0.000244,rd1_L_o_reg[15]/CLK,fall
rd1_L_o_reg[7]/D,36.343475,58.336990,228.404266,227.733047,stage1_iter_reg[3]/CLK,55.168362,55.168362,0.000000,286.070038,227.733093,58.336990,17,0.000244,rd1_L_o_reg[7]/CLK,fall
rd1_L_o_reg[29]/D,35.095291,60.999222,224.359390,220.897903,stage1_iter_reg[3]/CLK,55.168362,55.168362,0.000000,281.897095,220.897919,60.999222,15,0.000244,rd1_L_o_reg[29]/CLK,fall
rd1_L_o_reg[9]/D,39.746857,62.814133,244.031860,243.952469,stage1_iter_reg[3]/CLK,55.168362,55.168362,0.000000,306.766602,243.952469,62.814133,19,0.000244,rd1_L_o_reg[9]/CLK,fall
rd1_L_o_reg[16]/D,34.457458,63.494904,229.049255,221.765656,stage1_iter_reg[1]/CLK,55.164902,55.164902,0.000000,285.260559,221.765671,63.494904,13,0.000244,rd1_L_o_reg[16]/CLK,fall
rd1_L_o_reg[14]/D,31.890930,63.720123,229.609436,219.856201,stage1_iter_reg[1]/CLK,55.164902,55.164902,0.000000,283.576324,219.856216,63.720123,13,0.000244,rd1_L_o_reg[14]/CLK,fall
data_ready_reg/D,47.260757,63.991806,236.108047,242.687759,stage1_iter_reg[0]/CLK,54.749596,54.749596,0.000000,306.679565,242.687714,63.991806,19,0.000244,data_ready_reg/CLK,fall
rd1_L_o_reg[26]/D,38.198807,65.425674,221.750809,216.719254,stage1_iter_reg[3]/CLK,55.168362,55.168362,0.000000,282.144928,216.719269,65.425674,15,0.000244,rd1_L_o_reg[26]/CLK,fall
rd1_L_o_reg[25]/D,39.120026,71.801315,227.902191,217.708633,stage1_iter_reg[3]/CLK,55.168362,55.168362,0.000000,289.509949,217.708618,71.801315,15,0.000244,rd1_L_o_reg[25]/CLK,fall
rd1_L_o_reg[23]/D,50.810577,72.524475,218.253967,218.882324,stage1_iter_reg[3]/CLK,55.168362,55.168362,0.000000,291.406799,218.882324,72.524475,15,0.000244,rd1_L_o_reg[23]/CLK,fall
rd1_L_o_reg[18]/D,42.198502,73.295532,222.106674,213.071716,stage1_iter_reg[1]/CLK,55.164902,55.164902,0.000000,286.367249,213.071716,73.295532,15,0.000244,rd1_L_o_reg[18]/CLK,fall
rd1_L_o_reg[24]/D,42.236938,73.712189,227.616150,217.907959,stage1_iter_reg[1]/CLK,55.164902,55.164902,0.000000,291.620148,217.907974,73.712189,13,0.000244,rd1_L_o_reg[24]/CLK,fall
stage1_iter_reg[3]/D,53.248001,74.174713,231.856461,222.479706,stage1_iter_reg[1]/CLK,55.164902,55.164902,0.000000,296.654419,222.479691,74.174713,13,0.000244,stage1_iter_reg[3]/CLK,fall
rd1_L_o_reg[22]/D,57.742371,77.964401,228.398010,231.355515,stage1_iter_reg[3]/CLK,55.168362,55.168362,0.000000,309.319916,231.355515,77.964401,17,0.000244,rd1_L_o_reg[22]/CLK,fall
rd1_L_o_reg[17]/D,44.347244,79.414200,236.402725,222.339981,stage1_iter_reg[1]/CLK,55.164902,55.164902,0.000000,301.754181,222.339981,79.414200,15,0.000244,rd1_L_o_reg[17]/CLK,fall
rd1_L_o_reg[8]/D,56.406845,80.687805,225.038071,223.537598,stage1_iter_reg[3]/CLK,55.168362,55.168362,0.000000,304.225403,223.537628,80.687805,15,0.000244,rd1_L_o_reg[8]/CLK,fall
rd1_L_o_reg[4]/D,53.913162,81.846115,226.357162,219.699753,stage1_iter_reg[1]/CLK,55.164902,55.164902,0.000000,301.545868,219.699768,81.846115,13,0.000244,rd1_L_o_reg[4]/CLK,fall
rd1_L_o_reg[27]/D,62.428574,82.423401,222.248062,225.219940,stage1_iter_reg[3]/CLK,55.168362,55.168362,0.000000,307.643341,225.219940,82.423401,17,0.000244,rd1_L_o_reg[27]/CLK,fall
rd1_L_o_reg[19]/D,55.507828,83.970306,224.448441,218.308838,stage1_iter_reg[3]/CLK,55.168362,55.168362,0.000000,302.279144,218.308838,83.970306,15,0.000244,rd1_L_o_reg[19]/CLK,fall
rd1_L_o_reg[30]/D,52.910599,86.684097,228.218246,217.714340,stage1_iter_reg[1]/CLK,55.164902,55.164902,0.000000,304.398438,217.714340,86.684097,15,0.000244,rd1_L_o_reg[30]/CLK,fall
rd1_L_o_reg[12]/D,58.357132,89.561752,226.944870,218.958450,stage1_iter_reg[1]/CLK,55.164902,55.164902,0.000000,308.520203,218.958450,89.561752,17,0.000244,rd1_L_o_reg[12]/CLK,fall
rd1_L_o_reg[21]/D,60.841309,92.270111,219.866486,212.054779,stage1_iter_reg[3]/CLK,55.168362,55.168362,0.000000,304.32489,212.054779,92.270111,15,0.000244,rd1_L_o_reg[21]/CLK,fall
stage1_iter_reg[0]/D,89.845901,98.616486,198.875046,203.164963,stage1_iter_reg[3]/CLK,55.168362,55.168362,0.000000,296.397064,197.780579,98.616486,13,0.000244,stage1_iter_reg[0]/CLK,fall
data_o_reg[5]/D,79.819107,98.836243,154.068817,148.023590,rd1_L_o_reg[23]/CLK,36.513317,36.513317,0.000000,246.859833,148.023590,98.836243,5,0.000000,data_o_reg[5]/CLK,fall
data_o_reg[13]/D,80.152222,99.588013,162.409561,156.455505,rd1_L_o_reg[22]/CLK,54.030499,54.030499,0.000000,256.043518,156.455521,99.588013,5,0.000000,data_o_reg[13]/CLK,fall
stage1_iter_reg[1]/D,106.604858,116.242172,188.105682,192.455368,stage1_iter_reg[0]/CLK,54.749596,54.749596,0.000000,298.17218,181.930023,116.242172,11,0.000244,stage1_iter_reg[1]/CLK,fall
data_o_reg[15]/D,89.076889,118.327682,170.648636,164.215073,rd1_L_o_reg[30]/CLK,53.436626,53.436626,0.000000,282.542755,164.215057,118.327682,5,0.000244,data_o_reg[15]/CLK,fall
data_o_reg[10]/D,107.436020,123.075928,129.261200,127.821930,rd1_R_o_reg[14]/CLK,54.033386,54.033386,0.000000,250.897858,127.821922,123.075928,5,0.000000,data_o_reg[10]/CLK,fall
data_o_reg[14]/D,111.341751,127.527924,130.378036,128.044724,rd1_R_o_reg[30]/CLK,54.489147,54.489147,0.000000,255.572647,128.044739,127.527924,5,0.000000,data_o_reg[14]/CLK,fall
data_o_reg[60]/D,122.178474,135.497025,112.970070,111.816269,rd1_R_o_reg[16]/CLK,36.864628,36.864628,0.000000,247.313293,111.816269,135.497025,5,0.000000,data_o_reg[60]/CLK,fall
data_o_reg[55]/D,109.742325,137.550659,151.044449,145.274261,rd1_L_o_reg[25]/CLK,36.770088,36.770088,0.000000,282.824921,145.274261,137.550659,5,0.000244,data_o_reg[55]/CLK,fall
data_o_reg[53]/D,109.003540,138.068222,173.000336,167.006119,rd1_L_o_reg[17]/CLK,53.737434,53.737434,0.000000,305.074341,167.006119,138.068222,5,0.000244,data_o_reg[53]/CLK,fall
data_o_reg[39]/D,110.363098,138.964828,170.184296,164.394974,rd1_L_o_reg[27]/CLK,52.759277,52.759277,0.000000,303.359802,164.394974,138.964828,5,0.000244,data_o_reg[39]/CLK,fall
data_o_reg[41]/D,122.485428,140.565247,112.759491,107.447884,rd1_L_o_reg[2]/CLK,5.201362,5.201362,0.000000,248.013138,107.447884,140.565247,5,0.000000,data_o_reg[41]/CLK,fall
data_o_reg[11]/D,116.042267,144.542953,144.333893,138.272812,rd1_L_o_reg[14]/CLK,30.209806,30.209806,0.000000,282.815765,138.272812,144.542953,5,0.000244,data_o_reg[11]/CLK,fall
data_o_reg[21]/D,116.833679,145.489258,165.692871,159.962769,rd1_L_o_reg[21]/CLK,52.434715,52.434715,0.000000,305.452026,159.962769,145.489258,5,0.000244,data_o_reg[21]/CLK,fall
data_o_reg[50]/D,133.693665,148.502380,108.993973,107.463814,rd1_R_o_reg[9]/CLK,34.729107,34.729107,0.000000,255.966202,107.463806,148.502380,5,0.000000,data_o_reg[50]/CLK,fall
data_o_reg[44]/D,135.345718,149.770264,98.921082,97.331978,rd1_R_o_reg[18]/CLK,25.113022,25.113022,0.000000,247.102234,97.331978,149.770264,5,0.000000,data_o_reg[44]/CLK,fall
data_o_reg[62]/D,135.325043,150.002930,107.432526,106.051521,rd1_R_o_reg[24]/CLK,28.537937,28.537937,0.000000,256.054443,106.051514,150.002930,5,0.000000,data_o_reg[62]/CLK,fall
data_o_reg[19]/D,130.557068,150.208282,101.381706,96.120903,rd1_L_o_reg[13]/CLK,5.445721,5.445721,0.000000,246.329178,96.120911,150.208282,5,0.000000,data_o_reg[19]/CLK,fall
data_o_reg[58]/D,136.381287,151.423340,105.889992,104.356926,rd1_R_o_reg[8]/CLK,42.08268,42.082680,0.000000,255.780273,104.356934,151.423340,5,0.000000,data_o_reg[58]/CLK,fall
data_o_reg[63]/D,122.737915,151.936752,152.505920,146.469193,rd1_L_o_reg[24]/CLK,40.124107,40.124107,0.000000,298.405945,146.469177,151.936752,5,0.000244,data_o_reg[63]/CLK,fall
data_o_reg[25]/D,123.504684,152.041824,159.135574,153.555466,rd1_L_o_reg[4]/CLK,52.768909,52.768909,0.000000,305.59729,153.555466,152.041824,5,0.000244,data_o_reg[25]/CLK,fall
data_o_reg[27]/D,124.249969,152.658173,156.926727,151.507751,rd1_L_o_reg[12]/CLK,52.82235,52.822350,0.000000,304.165894,151.507767,152.658173,5,0.000244,data_o_reg[27]/CLK,fall
data_o_reg[51]/D,124.946243,152.781006,153.698044,148.613220,rd1_L_o_reg[9]/CLK,51.677334,51.677334,0.000000,301.394226,148.613205,152.781006,5,0.000244,data_o_reg[51]/CLK,fall
data_o_reg[37]/D,124.554611,152.925034,158.288284,152.796524,rd1_L_o_reg[19]/CLK,52.148621,52.148621,0.000000,305.721558,152.796524,152.925034,5,0.000244,data_o_reg[37]/CLK,fall
data_o_reg[31]/D,126.983826,154.115387,134.561188,129.100098,rd1_L_o_reg[28]/CLK,24.875151,24.875151,0.000000,283.215485,129.100113,154.115387,5,0.000244,data_o_reg[31]/CLK,fall
data_o_reg[61]/D,127.671204,154.549164,134.320068,129.168304,rd1_L_o_reg[16]/CLK,32.600025,32.600025,0.000000,283.717468,129.168289,154.549164,5,0.000244,data_o_reg[61]/CLK,fall
data_o_reg[45]/D,127.470474,154.932770,133.767532,128.320648,rd1_L_o_reg[18]/CLK,30.50956,30.509560,0.000000,283.253418,128.320663,154.932770,5,0.000244,data_o_reg[45]/CLK,fall
data_o_reg[35]/D,127.420212,155.067291,133.453201,127.785011,rd1_L_o_reg[11]/CLK,16.756218,16.756218,0.000000,282.852295,127.785011,155.067291,5,0.000000,data_o_reg[35]/CLK,fall
data_o_reg[46]/D,140.825439,155.089142,102.391663,101.207283,rd1_R_o_reg[26]/CLK,27.058134,27.058134,0.000000,256.296417,101.207283,155.089142,5,0.000000,data_o_reg[46]/CLK,fall
data_o_reg[23]/D,129.059296,155.956284,132.683990,127.380325,rd1_L_o_reg[29]/CLK,26.355854,26.355854,0.000000,283.336609,127.380310,155.956284,5,0.000244,data_o_reg[23]/CLK,fall
data_o_reg[12]/D,131.364395,156.214325,128.575394,126.458923,rd1_R_o_reg[22]/CLK,53.731136,53.731136,0.000000,282.673248,126.458923,156.214325,5,0.000244,data_o_reg[12]/CLK,fall
data_o_reg[29]/D,136.255951,156.553375,94.470009,89.928772,rd1_L_o_reg[20]/CLK,5.7393,5.739300,0.000000,246.482147,89.928772,156.553375,5,0.000000,data_o_reg[29]/CLK,fall
data_o_reg[59]/D,130.574249,158.260864,149.148743,144.337311,rd1_L_o_reg[8]/CLK,50.997551,50.997551,0.000000,302.598175,144.337311,158.260864,5,0.000244,data_o_reg[59]/CLK,fall
data_o_reg[3]/D,130.189453,160.006760,143.705841,137.376022,rd1_L_o_reg[15]/CLK,31.681198,31.681198,0.000000,297.382782,137.376038,160.006760,5,0.000244,data_o_reg[3]/CLK,fall
data_o_reg[47]/D,135.841248,162.540222,125.941772,120.952629,rd1_L_o_reg[26]/CLK,26.625832,26.625832,0.000000,283.492859,120.952629,162.540222,5,0.000244,data_o_reg[47]/CLK,fall
data_o_reg[2]/D,149.727112,162.588623,85.789146,85.022560,rd1_R_o_reg[15]/CLK,27.046371,27.046371,0.000000,247.611191,85.022552,162.588623,5,0.000000,data_o_reg[2]/CLK,fall
data_o_reg[20]/D,149.962189,163.208313,84.858734,83.996696,rd1_R_o_reg[21]/CLK,12.266247,12.266247,0.000000,247.205002,83.996704,163.208313,5,0.000000,data_o_reg[20]/CLK,fall
data_o_reg[6]/D,148.471588,163.962585,84.375931,82.534714,rd1_R_o_reg[31]/CLK,11.409556,11.409556,0.000000,246.497299,82.534706,163.962585,5,0.000000,data_o_reg[6]/CLK,fall
data_o_reg[33]/D,138.163818,164.818207,123.552345,118.644005,rd1_L_o_reg[3]/CLK,25.110804,25.110804,0.000000,283.462219,118.644005,164.818207,5,0.000244,data_o_reg[33]/CLK,fall
data_o_reg[57]/D,148.524902,165.032501,86.972000,82.690102,rd1_L_o_reg[0]/CLK,4.730232,4.730232,0.000000,247.722595,82.690109,165.032501,5,0.000000,data_o_reg[57]/CLK,fall
data_o_reg[49]/D,148.449615,165.943481,95.118645,90.838005,rd1_L_o_reg[1]/CLK,10.739489,10.739489,0.000000,256.781494,90.837997,165.943481,5,0.000000,data_o_reg[49]/CLK,fall
data_o_reg[1]/D,137.318771,166.158356,139.653458,133.853058,rd1_L_o_reg[7]/CLK,30.071428,30.071428,0.000000,300.011414,133.853058,166.158356,5,0.000244,data_o_reg[1]/CLK,fall
data_o_reg[22]/D,151.863098,166.414581,82.214989,80.638634,rd1_R_o_reg[29]/CLK,10.788837,10.788837,0.000000,247.053207,80.638641,166.414581,5,0.000000,data_o_reg[22]/CLK,fall
data_o_reg[30]/D,160.602509,173.782242,74.380905,73.399826,rd1_R_o_reg[28]/CLK,6.27072,6.270720,0.000000,247.182068,73.399826,173.782242,5,0.000000,data_o_reg[30]/CLK,fall
data_o_reg[52]/D,161.132233,174.358276,74.083397,73.049110,rd1_R_o_reg[17]/CLK,6.692248,6.692248,0.000000,247.407394,73.049103,174.358276,5,0.000000,data_o_reg[52]/CLK,fall
data_o_reg[7]/D,149.526245,176.701569,111.375099,106.162621,rd1_L_o_reg[31]/CLK,10.58153,10.581530,0.000000,282.864197,106.162613,176.701569,5,0.000000,data_o_reg[7]/CLK,fall
data_o_reg[17]/D,149.494598,179.451630,127.522316,119.829491,rd1_L_o_reg[5]/CLK,8.725939,8.725939,0.000000,299.281128,119.829491,179.451630,5,0.000000,data_o_reg[17]/CLK,fall
data_o_reg[43]/D,152.109711,181.886383,119.663216,112.183418,rd1_L_o_reg[10]/CLK,6.248827,6.248827,0.000000,294.069794,112.183418,181.886383,5,0.000000,data_o_reg[43]/CLK,fall
data_o_reg[16]/D,167.867371,182.044373,75.566208,74.508972,rd1_R_o_reg[5]/CLK,7.558375,7.558375,0.000000,256.553345,74.508965,182.044373,5,0.000000,data_o_reg[16]/CLK,fall
data_o_reg[26]/D,169.303528,182.372833,66.718300,65.988304,rd1_R_o_reg[12]/CLK,5.432838,5.432838,0.000000,248.361145,65.988304,182.372833,5,0.000000,data_o_reg[26]/CLK,fall
data_o_reg[36]/D,158.523315,182.482391,126.679443,125.408234,rd1_R_o_reg[19]/CLK,54.926224,54.926224,0.000000,307.890625,125.408234,182.482391,5,0.000244,data_o_reg[36]/CLK,fall
data_o_reg[24]/D,159.018524,183.134430,125.895081,124.599457,rd1_R_o_reg[4]/CLK,54.956963,54.956963,0.000000,307.733887,124.599449,183.134430,5,0.000244,data_o_reg[24]/CLK,fall
data_o_reg[8]/D,169.626831,183.488907,74.143776,73.372086,rd1_R_o_reg[6]/CLK,11.410875,11.410875,0.000000,256.860992,73.372086,183.488907,5,0.000000,data_o_reg[8]/CLK,fall
data_o_reg[40]/D,160.146790,184.209229,121.097778,119.846321,rd1_R_o_reg[2]/CLK,43.913132,43.913132,0.000000,304.055542,119.846329,184.209229,5,0.000244,data_o_reg[40]/CLK,fall
data_o_reg[34]/D,171.863785,185.642578,71.813812,71.151909,rd1_R_o_reg[11]/CLK,12.273975,12.273975,0.000000,256.794495,71.151917,185.642578,5,0.000000,data_o_reg[34]/CLK,fall
data_o_reg[48]/D,163.862061,186.512939,98.105621,96.985138,rd1_R_o_reg[1]/CLK,27.13587,27.135870,0.000000,283.498077,96.985146,186.512939,5,0.000244,data_o_reg[48]/CLK,fall
data_o_reg[0]/D,172.957947,187.081024,70.414330,69.520805,rd1_R_o_reg[7]/CLK,11.232971,11.232971,0.000000,256.601837,69.520813,187.081024,5,0.000000,data_o_reg[0]/CLK,fall
data_o_reg[42]/D,175.218430,187.829315,60.608959,60.141228,rd1_R_o_reg[10]/CLK,3.859898,3.859898,0.000000,247.970551,60.141228,187.829315,5,0.000000,data_o_reg[42]/CLK,fall
data_o_reg[38]/D,174.406128,188.918930,58.421089,57.920872,rd1_R_o_reg[27]/CLK,4.938914,4.938914,0.000000,246.839798,57.920872,188.918930,5,0.000000,data_o_reg[38]/CLK,fall
data_o_reg[56]/D,179.951477,192.309250,55.450169,55.223221,rd1_R_o_reg[0]/CLK,3.91085,3.910850,0.000000,247.532471,55.223221,192.309250,5,0.000000,data_o_reg[56]/CLK,fall
data_o_reg[4]/D,168.475464,194.769989,111.740852,108.588623,rd1_R_o_reg[23]/CLK,36.867134,36.867134,0.000000,303.358612,108.588623,194.769989,5,0.000244,data_o_reg[4]/CLK,fall
data_o_reg[9]/D,170.111343,198.663208,108.117935,102.740547,rd1_L_o_reg[6]/CLK,10.688982,10.688982,0.000000,301.403748,102.740547,198.663208,5,0.000000,data_o_reg[9]/CLK,fall
data_o_reg[54]/D,176.763458,200.554688,103.370728,102.341034,rd1_R_o_reg[25]/CLK,36.862949,36.862949,0.000000,302.895721,102.341034,200.554688,5,0.000244,data_o_reg[54]/CLK,fall
data_o_reg[32]/D,188.191895,201.348175,57.111294,57.297752,rd1_R_o_reg[3]/CLK,8.298516,8.298516,0.000000,258.645935,57.297752,201.348175,5,0.000000,data_o_reg[32]/CLK,fall
data_o_reg[18]/D,202.704407,226.276672,79.967163,79.150444,rd1_R_o_reg[13]/CLK,7.307458,7.307458,0.000000,305.427124,79.150444,226.276672,5,0.000000,data_o_reg[18]/CLK,fall
data_o_reg[28]/D,213.233887,237.138870,66.833244,65.883865,rd1_R_o_reg[20]/CLK,6.939154,6.939154,0.000000,303.022736,65.883873,237.138870,5,0.000000,data_o_reg[28]/CLK,fall
